t,fish_y,bar_y,vf_px_s,vb_px_s,pos_f,pos_b,vel_f,vel_b,action,prev_action,ui_h
38498.449,885.5,891.2,0.0,0.0,0.867,0.876,0.000,0.000,1,0,605
38498.512,882.0,889.9,0.0,0.0,0.861,0.874,0.000,0.000,1,1,605
38498.573,877.6,886.1,-51.0,0.0,0.854,0.868,-0.047,0.000,1,1,605
38498.631,877.6,886.7,-39.9,0.0,0.854,0.869,-0.036,0.000,1,1,605
38498.684,873.1,886.1,-40.1,0.0,0.846,0.868,-0.037,0.000,1,1,605
38498.744,873.6,882.1,-35.3,0.0,0.847,0.861,-0.032,0.000,1,1,605
38498.801,869.1,873.9,-33.9,0.0,0.840,0.848,-0.031,0.000,1,1,605
38498.864,867.4,866.8,-48.2,0.0,0.837,0.836,-0.044,0.000,1,1,605
38498.919,865.7,858.3,-32.7,0.0,0.834,0.822,-0.030,0.000,1,1,605
38498.977,866.8,849.8,-10.3,0.0,0.836,0.808,-0.009,0.000,1,1,605
38499.045,867.4,838.5,8.7,0.0,0.837,0.789,0.008,0.000,1,1,605
38499.098,868.5,818.1,12.8,0.0,0.839,0.756,0.012,0.000,0,1,605
38499.173,867.4,818.1,1.8,0.0,0.840,0.759,0.002,0.000,0,0,605
38499.231,865.4,761.2,-18.2,0.0,0.837,0.665,-0.017,0.000,0,0,605
38499.285,863.7,752.1,-30.0,0.0,0.834,0.650,-0.027,0.000,0,0,605
38499.342,861.4,725.8,-34.6,0.0,0.830,0.606,-0.032,0.000,0,0,605
38499.405,858.6,714.7,-40.9,0.0,0.826,0.588,-0.037,0.000,0,0,605
38499.463,856.6,701.7,-40.0,0.0,0.823,0.566,-0.037,0.000,0,0,605
38499.520,849.5,687.6,-71.0,0.0,0.811,0.543,-0.065,0.000,0,0,605
38499.579,848.1,685.9,-72.9,0.0,0.808,0.540,-0.067,0.000,0,0,605
38499.638,849.5,683.6,-14.6,0.0,0.811,0.537,-0.013,0.000,0,0,605
38499.698,852.7,683.0,27.6,0.0,0.816,0.536,0.025,0.000,0,0,605
38499.753,855.2,683.9,45.0,0.0,0.820,0.537,0.041,0.000,0,0,605
38499.807,858.6,689.8,52.3,0.0,0.826,0.547,0.048,0.000,0,0,605
38499.863,862.6,689.8,64.0,0.0,0.832,0.547,0.058,0.000,0,0,605
38499.921,865.7,716.2,62.4,0.0,0.838,0.590,0.057,0.000,0,0,605
38499.979,867.1,719.8,43.5,0.0,0.840,0.596,0.040,0.000,0,0,605
38500.034,872.2,752.1,54.7,0.0,0.848,0.650,0.050,0.000,0,0,605
38500.094,873.6,757.5,56.0,0.0,0.851,0.659,0.051,0.000,0,0,605
38500.150,877.3,798.9,46.2,0.0,0.857,0.727,0.042,0.000,0,0,605
38500.208,880.1,815.3,55.1,0.0,0.861,0.754,0.050,0.000,0,0,605
38500.267,882.3,854.6,44.9,0.0,0.865,0.819,0.041,0.000,0,0,605
38500.338,884.7,879.6,36.8,0.0,0.869,0.860,0.034,0.000,0,0,605
38500.396,889.2,885.7,49.7,0.0,0.876,0.871,0.045,0.000,0,0,605
38500.450,891.5,864.3,58.6,0.0,0.880,0.835,0.054,0.000,0,0,605
38500.509,893.2,864.3,39.8,0.0,0.883,0.835,0.036,0.000,0,0,605
38500.566,891.5,831.4,8.1,0.0,0.880,0.781,0.007,0.000,0,0,605
38500.629,888.6,820.1,-28.6,0.0,0.875,0.762,-0.026,0.000,0,0,605
38500.685,884.5,806.5,-52.1,0.0,0.869,0.740,-0.048,0.000,0,0,605
38500.741,882.5,804.5,-54.1,0.0,0.865,0.736,-0.049,0.000,0,0,605
38500.796,878.2,798.0,-56.7,0.0,0.858,0.726,-0.052,0.000,0,0,605
38500.851,875.6,795.7,-61.5,0.0,0.854,0.722,-0.056,0.000,0,0,605
38500.914,873.3,794.6,-44.9,0.0,0.850,0.720,-0.041,0.000,0,0,605
38500.972,868.2,796.9,-57.7,0.0,0.842,0.724,-0.053,0.000,0,0,605
38501.031,864.8,826.9,-69.5,0.0,0.836,0.773,-0.063,0.000,0,0,605
38501.085,863.1,826.9,-49.9,0.0,0.833,0.773,-0.046,0.000,0,0,605
38501.141,861.2,834.8,-36.8,0.0,0.830,0.786,-0.034,0.000,0,0,605
38501.197,857.5,854.1,-48.1,0.0,0.824,0.818,-0.044,0.000,1,0,605
38501.252,852.9,862.6,-69.1,0.0,0.816,0.832,-0.063,0.000,1,1,605
38538.350,842.8,856.9,-58.5,0.0,0.800,0.823,-0.053,0.000,1,1,605
38538.409,839.9,845.0,-46.2,0.0,0.795,0.803,-0.042,0.000,1,1,605
38538.469,835.4,828.0,-58.9,0.0,0.787,0.775,-0.054,0.000,1,1,605
38538.530,832.0,814.7,-64.3,0.0,0.782,0.753,-0.059,0.000,1,1,605
38538.584,828.6,804.8,-60.1,0.0,0.776,0.737,-0.055,0.000,1,1,605
38538.646,826.3,798.3,-50.6,0.0,0.772,0.726,-0.046,0.000,1,1,605
38538.704,821.8,746.7,-55.3,0.0,0.765,0.641,-0.050,0.000,0,1,605
38538.760,818.7,746.7,-64.7,0.0,0.760,0.641,-0.059,0.000,0,0,605
38538.818,818.1,685.6,-38.6,0.0,0.759,0.540,-0.035,0.000,0,0,605
38538.875,820.4,685.6,4.1,0.0,0.763,0.540,0.004,0.000,0,0,605
38538.933,822.9,636.9,34.2,0.0,0.767,0.459,0.031,0.000,0,0,605
38538.989,826.6,614.2,50.5,0.0,0.773,0.422,0.046,0.000,0,0,605
38539.051,829.2,593.0,52.4,0.0,0.777,0.387,0.048,0.000,0,0,605
38539.111,830.9,581.1,38.4,0.0,0.780,0.367,0.035,0.000,0,0,605
38539.182,835.4,566.8,46.1,0.0,0.787,0.343,0.042,0.000,0,0,605
38539.236,836.2,553.3,44.5,0.0,0.789,0.321,0.041,0.000,0,0,605
38539.294,838.2,548.2,29.2,0.0,0.792,0.313,0.027,0.000,0,0,605
38539.355,839.9,545.8,30.7,0.0,0.795,0.309,0.028,0.000,0,0,605
38539.414,842.5,543.1,34.3,0.0,0.799,0.304,0.031,0.000,0,0,605
38539.469,845.0,542.6,42.5,0.0,0.803,0.303,0.039,0.000,0,0,605
38539.529,843.9,544.3,17.9,0.0,0.801,0.306,0.016,0.000,0,0,605
38539.591,838.5,554.9,-39.3,0.0,0.793,0.324,-0.036,0.000,0,0,605
38539.657,830.3,570.0,-93.2,0.0,0.779,0.349,-0.085,0.000,0,0,605
38539.717,822.4,588.6,-120.7,0.0,0.766,0.379,-0.110,0.000,0,0,605
38539.777,815.8,603.8,-120.3,0.0,0.755,0.405,-0.110,0.000,0,0,605
38539.835,809.0,640.8,-114.2,0.0,0.744,0.466,-0.104,0.000,0,0,605
38539.894,806.5,652.2,-86.8,0.0,0.740,0.485,-0.079,0.000,0,0,605
38539.955,808.2,694.9,-22.9,0.0,0.742,0.555,-0.021,0.000,0,0,605
38540.016,810.2,696.6,19.6,0.0,0.746,0.558,0.018,0.000,0,0,605
38540.074,811.3,775.3,24.8,0.0,0.748,0.688,0.023,0.000,0,0,605
38540.131,811.0,792.9,10.9,0.0,0.747,0.717,0.010,0.000,0,0,605
38540.189,808.8,808.5,-15.6,0.0,0.743,0.743,-0.014,0.000,1,0,605
38540.248,805.7,878.4,-39.7,0.0,0.738,0.859,-0.036,0.000,1,1,605
38540.306,803.1,891.5,-46.7,0.0,0.734,0.880,-0.043,0.000,1,1,605
38540.383,800.3,893.2,-41.3,0.0,0.729,0.883,-0.038,0.000,1,1,605
38540.436,797.4,889.1,-42.7,0.0,0.725,0.876,-0.039,0.000,1,1,605
38540.491,794.6,885.2,-50.3,0.0,0.720,0.870,-0.046,0.000,1,1,605
38540.548,792.1,865.7,-48.4,0.0,0.716,0.838,-0.044,0.000,1,1,605
38540.602,791.2,852.4,-34.4,0.0,0.714,0.816,-0.031,0.000,1,1,605
38540.661,791.8,852.4,-8.7,0.0,0.715,0.816,-0.008,0.000,1,1,605
38540.717,791.8,809.3,2.2,0.0,0.715,0.744,0.002,0.000,1,1,605
38540.779,788.4,791.2,-22.9,0.0,0.710,0.714,-0.021,0.000,1,1,605
38540.832,781.0,754.4,-79.0,0.0,0.698,0.654,-0.072,0.000,1,1,605
38540.890,776.2,743.6,-102.6,0.0,0.690,0.636,-0.094,0.000,1,1,605
38540.946,770.8,734.0,-92.1,0.0,0.681,0.620,-0.084,0.000,1,1,605
38541.003,765.7,677.4,-93.2,0.0,0.672,0.526,-0.085,0.000,0,1,605
38541.063,761.5,646.2,-82.3,0.0,0.665,0.475,-0.075,0.000,0,0,605
38541.119,755.5,606.0,-86.2,0.0,0.655,0.408,-0.079,0.000,0,0,605
38541.180,749.9,571.6,-96.8,0.0,0.646,0.351,-0.088,0.000,0,0,605
38541.237,744.8,536.2,-92.2,0.0,0.638,0.293,-0.084,0.000,0,0,605
38541.292,739.1,536.2,-95.0,0.0,0.628,0.293,-0.087,0.000,0,0,605
38541.350,734.8,475.4,-89.6,0.0,0.621,0.192,-0.082,0.000,0,0,605
38541.404,730.3,475.4,-80.7,0.0,0.614,0.192,-0.074,0.000,0,0,605
38541.463,728.3,441.3,-61.8,0.0,0.610,0.136,-0.056,0.000,0,0,605
38541.531,727.8,441.3,-28.1,0.0,0.610,0.136,-0.026,0.000,0,0,605
38541.588,730.9,441.2,9.9,0.0,0.615,0.136,0.009,0.000,0,0,605
38541.648,735.7,446.7,56.3,0.0,0.623,0.145,0.051,0.000,0,0,605
38541.704,736.3,459.6,48.5,0.0,0.624,0.166,0.044,0.000,0,0,605
38541.763,736.5,460.1,15.6,0.0,0.624,0.167,0.014,0.000,0,0,605
38541.818,736.8,459.8,7.1,0.0,0.625,0.167,0.006,0.000,0,0,605
38541.879,736.5,459.4,1.4,0.0,0.624,0.166,0.001,0.000,0,0,605
38541.936,736.5,459.4,-1.7,0.0,0.624,0.166,-0.002,0.000,0,0,605
38541.997,736.3,459.9,-2.3,0.0,0.624,0.167,-0.002,0.000,0,0,605
38542.050,735.4,459.3,-8.3,0.0,0.622,0.166,-0.008,0.000,0,0,605
38542.112,737.4,460.0,6.6,0.0,0.625,0.167,0.006,0.000,0,0,605
38542.164,737.4,460.0,9.6,0.0,0.625,0.167,0.009,0.000,0,0,605
38542.220,737.4,460.0,10.2,0.0,0.625,0.167,0.009,0.000,0,0,605
38542.277,737.4,460.0,10.3,0.0,0.625,0.167,0.009,0.000,0,0,605
38542.334,737.4,460.0,10.4,0.0,0.625,0.167,0.009,0.000,0,0,605
38550.925,877.3,892.3,0.0,0.0,0.853,0.878,0.000,0.000,1,0,605
38550.982,873.6,892.9,0.0,0.0,0.847,0.879,0.000,0.000,1,1,605
38551.036,870.8,894.6,-46.8,0.0,0.843,0.882,-0.043,0.000,1,1,605
38551.092,867.4,895.7,-54.7,0.0,0.837,0.884,-0.050,0.000,1,1,605
38551.147,864.6,897.4,-55.8,0.0,0.832,0.887,-0.051,0.000,1,1,605
38551.205,859.2,890.2,-69.5,0.0,0.823,0.875,-0.063,0.000,1,1,605
38551.263,857.2,887.7,-64.8,0.0,0.820,0.871,-0.059,0.000,1,1,605
38551.334,855.2,881.6,-37.4,0.0,0.820,0.864,-0.034,0.000,1,1,605
38551.391,853.5,856.3,-30.5,0.0,0.817,0.822,-0.028,0.000,1,1,605
38551.450,848.4,845.6,-53.3,0.0,0.809,0.804,-0.049,0.000,1,1,605
38551.506,847.8,825.8,-50.5,0.0,0.808,0.772,-0.046,0.000,1,1,605
38551.566,844.4,816.1,-37.6,0.0,0.802,0.756,-0.034,0.000,1,1,605
38551.628,842.8,808.2,-40.8,0.0,0.800,0.742,-0.037,0.000,1,1,605
38551.686,839.9,773.1,-38.4,0.0,0.795,0.684,-0.035,0.000,0,1,605
38551.745,837.7,743.6,-42.6,0.0,0.791,0.636,-0.039,0.000,0,0,605
38551.802,836.0,716.4,-36.0,0.0,0.788,0.591,-0.033,0.000,0,0,605
38551.861,833.4,689.3,-36.3,0.0,0.784,0.546,-0.033,0.000,0,0,605
38551.916,830.9,664.9,-43.0,0.0,0.780,0.506,-0.039,0.000,0,0,605
38551.971,830.0,658.1,-33.5,0.0,0.779,0.494,-0.031,0.000,0,0,605
38552.031,828.0,658.1,-26.4,0.0,0.775,0.494,-0.024,0.000,0,0,605
38552.086,826.9,623.1,-27.1,0.0,0.773,0.436,-0.025,0.000,0,0,605
38552.141,825.8,615.1,-21.9,0.0,0.772,0.423,-0.020,0.000,0,0,605
38552.202,824.3,606.0,-21.8,0.0,0.769,0.408,-0.020,0.000,0,0,605
38552.258,821.2,601.5,-35.3,0.0,0.764,0.401,-0.032,0.000,0,0,605
38552.318,820.4,598.3,-34.3,0.0,0.763,0.396,-0.031,0.000,0,0,605
38552.379,819.0,597.5,-21.8,0.0,0.760,0.394,-0.020,0.000,0,0,605
38552.439,817.8,603.2,-21.1,0.0,0.758,0.404,-0.019,0.000,0,0,605
38552.519,817.0,607.1,-15.5,0.0,0.757,0.410,-0.014,0.000,0,0,605
38552.578,813.9,612.3,-25.2,0.0,0.752,0.419,-0.023,0.000,0,0,605
38552.634,811.6,640.0,-42.4,0.0,0.748,0.464,-0.039,0.000,0,0,605
38552.692,809.9,643.7,-36.4,0.0,0.745,0.471,-0.033,0.000,0,0,605
38552.746,809.3,679.3,-23.5,0.0,0.744,0.529,-0.021,0.000,0,0,605
38552.800,808.8,691.8,-13.1,0.0,0.743,0.550,-0.012,0.000,0,0,605
38552.855,809.0,721.3,-4.7,0.0,0.744,0.599,-0.004,0.000,0,0,605
38552.914,808.2,761.8,-5.0,0.0,0.742,0.666,-0.005,0.000,0,0,605
38552.970,807.6,785.0,-10.8,0.0,0.742,0.704,-0.010,0.000,0,0,605
38553.025,808.8,800.6,1.9,0.0,0.743,0.730,0.002,0.000,0,0,605
38553.082,811.6,822.4,28.9,0.0,0.748,0.766,0.026,0.000,1,0,605
38553.141,815.6,888.2,52.7,0.0,0.755,0.875,0.048,0.000,1,1,605
38553.195,818.4,887.1,58.8,0.0,0.759,0.873,0.054,0.000,1,1,605
38553.249,822.9,841.9,66.1,0.0,0.767,0.798,0.060,0.000,1,1,605
38553.305,824.6,826.0,58.6,0.0,0.770,0.772,0.054,0.000,1,1,605
38553.365,831.1,812.2,68.7,0.0,0.780,0.749,0.063,0.000,0,1,605
38553.425,836.0,812.2,89.1,0.0,0.788,0.749,0.081,0.000,0,0,605
38553.480,839.1,717.0,73.3,0.0,0.794,0.592,0.067,0.000,0,0,605
38553.534,844.4,676.8,76.9,0.0,0.802,0.525,0.070,0.000,0,0,605
38553.588,846.1,660.1,67.9,0.0,0.805,0.498,0.062,0.000,0,0,605
38553.658,849.8,635.5,48.5,0.0,0.811,0.457,0.044,0.000,0,0,605
38553.718,856.9,596.1,75.2,0.0,0.823,0.392,0.069,0.000,0,0,605
38553.782,858.6,577.5,71.2,0.0,0.826,0.361,0.065,0.000,0,0,605
38553.836,863.4,558.1,57.6,0.0,0.834,0.329,0.053,0.000,0,0,605
38553.891,866.3,547.9,67.6,0.0,0.838,0.312,0.062,0.000,0,0,605
38553.946,871.1,529.5,68.8,0.0,0.846,0.282,0.063,0.000,0,0,605
38554.001,874.5,529.5,73.6,0.0,0.852,0.282,0.067,0.000,0,0,605
38554.056,875.6,509.8,47.9,0.0,0.854,0.249,0.044,0.000,0,0,605
38554.112,880.1,507.2,50.5,0.0,0.861,0.245,0.046,0.000,0,0,605
38554.166,882.3,502.1,58.2,0.0,0.865,0.236,0.053,0.000,0,0,605
38554.220,884.7,502.3,45.3,0.0,0.869,0.237,0.041,0.000,0,0,605
38554.287,886.9,504.9,40.0,0.0,0.873,0.241,0.036,0.000,0,0,605
38554.348,890.3,512.1,43.3,0.0,0.878,0.253,0.040,0.000,0,0,605
38554.404,892.0,513.7,43.5,0.0,0.881,0.256,0.040,0.000,0,0,605
38554.463,891.5,514.2,16.4,0.0,0.880,0.257,0.015,0.000,0,0,605
38554.521,892.7,514.2,8.1,0.0,0.882,0.257,0.007,0.000,0,0,605
38554.577,892.6,519.9,9.7,0.0,0.882,0.266,0.009,0.000,0,0,605
38554.631,892.5,519.6,-0.1,0.0,0.882,0.265,-0.000,0.000,0,0,605
38554.686,891.3,519.6,-9.3,0.0,0.880,0.265,-0.009,0.000,0,0,605
38554.740,892.0,520.2,-5.1,0.0,0.881,0.266,-0.005,0.000,0,0,605
38554.811,891.5,519.0,-0.5,0.0,0.882,0.266,-0.000,0.000,0,0,605
38554.867,891.0,517.6,-6.4,0.0,0.881,0.264,-0.006,0.000,0,0,605
38554.920,891.0,517.6,-7.6,0.0,0.881,0.264,-0.007,0.000,0,0,605
38554.976,891.0,517.6,-7.8,0.0,0.881,0.264,-0.007,0.000,0,0,605
38555.029,891.0,517.6,-7.9,0.0,0.881,0.264,-0.007,0.000,0,0,605
38555.089,891.0,517.6,-7.9,0.0,0.881,0.264,-0.007,0.000,0,0,605
38572.187,900.1,894.0,0.0,0.0,0.891,0.881,0.000,0.000,1,0,605
38572.249,900.3,895.9,0.0,0.0,0.891,0.884,0.000,0.000,1,1,605
38572.306,899.7,896.3,-2.8,0.0,0.890,0.885,-0.003,0.000,1,1,605
38572.368,903.1,896.7,18.8,0.0,0.896,0.885,0.017,0.000,1,1,605
38572.445,903.7,895.2,25.9,0.0,0.900,0.886,0.024,0.000,1,1,605
38572.505,906.2,884.1,22.7,0.0,0.904,0.868,0.021,0.000,1,1,605
38572.564,908.5,883.0,36.8,0.0,0.908,0.866,0.034,0.000,0,1,605
38572.619,910.2,878.2,35.2,0.0,0.911,0.858,0.032,0.000,0,0,605
38572.674,911.9,878.2,31.8,0.0,0.914,0.858,0.029,0.000,0,0,605
38572.730,911.9,840.8,18.5,0.0,0.914,0.796,0.017,0.000,0,0,605
38572.784,910.7,836.5,-4.4,0.0,0.912,0.789,-0.004,0.000,0,0,605
38572.843,907.3,828.3,-33.4,0.0,0.906,0.776,-0.030,0.000,0,0,605
38572.899,908.5,824.1,-22.7,0.0,0.908,0.769,-0.021,0.000,0,0,605
38572.963,908.5,822.9,2.8,0.0,0.908,0.767,0.003,0.000,0,0,605
38573.021,909.6,822.1,7.9,0.0,0.910,0.765,0.007,0.000,0,0,605
38573.083,911.3,830.0,20.5,0.0,0.913,0.779,0.019,0.000,0,0,605
38573.146,911.9,839.1,18.6,0.0,0.914,0.794,0.017,0.000,0,0,605
38573.201,914.7,850.7,26.3,0.0,0.918,0.813,0.024,0.000,0,0,605
38573.256,915.2,883.0,29.9,0.0,0.919,0.866,0.027,0.000,0,0,605
38573.320,917.5,885.9,25.3,0.0,0.923,0.871,0.023,0.000,0,0,605
38573.381,917.5,893.2,19.7,0.0,0.923,0.883,0.018,0.000,0,0,605
38573.442,919.8,887.9,18.8,0.0,0.927,0.874,0.017,0.000,0,0,605
38573.500,920.9,884.7,26.6,0.0,0.929,0.869,0.024,0.000,0,0,605
38573.559,920.3,880.7,9.1,0.0,0.928,0.862,0.008,0.000,0,0,605
38573.635,919.8,879.0,-4.9,0.0,0.927,0.860,-0.004,0.000,0,0,605
38573.694,916.4,877.9,-23.7,0.0,0.921,0.858,-0.022,0.000,0,0,605
38573.758,912.4,880.3,-52.4,0.0,0.915,0.862,-0.048,0.000,0,0,605
38573.815,910.2,887.1,-52.0,0.0,0.911,0.873,-0.047,0.000,1,0,605
38573.874,908.5,893.2,-37.8,0.0,0.908,0.883,-0.034,0.000,1,1,605
38573.931,905.1,893.7,-42.5,0.0,0.903,0.884,-0.039,0.000,1,1,605
38573.991,903.9,886.9,-39.2,0.0,0.901,0.873,-0.036,0.000,1,1,605
38574.051,901.1,876.7,-34.3,0.0,0.896,0.856,-0.031,0.000,1,1,605
38574.111,899.4,877.6,-37.2,0.0,0.893,0.857,-0.034,0.000,1,1,605
38574.166,896.0,868.8,-42.8,0.0,0.888,0.843,-0.039,0.000,1,1,605
38574.225,893.9,825.2,-47.4,0.0,0.884,0.771,-0.043,0.000,0,1,605
38574.281,891.5,791.2,-41.1,0.0,0.880,0.714,-0.037,0.000,0,0,605
38574.341,890.5,782.1,-31.4,0.0,0.878,0.699,-0.029,0.000,0,0,605
38574.406,890.5,752.1,-12.5,0.0,0.878,0.650,-0.011,0.000,0,0,605
38574.468,891.5,729.5,3.7,0.0,0.880,0.612,0.003,0.000,0,0,605
38574.534,892.5,720.4,13.2,0.0,0.882,0.597,0.012,0.000,0,0,605
38574.600,895.0,704.5,24.3,0.0,0.886,0.571,0.022,0.000,0,0,605
38574.661,898.3,700.9,41.1,0.0,0.891,0.565,0.038,0.000,0,0,605
38574.720,900.5,700.9,45.0,0.0,0.895,0.565,0.041,0.000,0,0,605
38574.784,901.1,681.6,27.2,0.0,0.896,0.533,0.025,0.000,0,0,605
38574.859,902.8,679.9,18.6,0.0,0.899,0.530,0.017,0.000,0,0,605
38574.918,906.8,685.0,37.0,0.0,0.905,0.539,0.034,0.000,0,0,605
38574.979,908.5,694.9,45.1,0.0,0.908,0.555,0.041,0.000,0,0,605
38575.034,910.7,710.2,36.1,0.0,0.912,0.581,0.033,0.000,0,0,605
38575.092,911.3,715.3,27.1,0.0,0.913,0.589,0.025,0.000,0,0,605
38575.153,906.2,733.4,-25.4,0.0,0.904,0.619,-0.023,0.000,0,0,605
38575.214,895.4,761.5,-109.7,0.0,0.887,0.665,-0.100,0.000,0,0,605
38575.272,882.3,761.5,-183.2,0.0,0.865,0.665,-0.167,0.000,0,0,605
38575.331,875.6,805.1,-172.0,0.0,0.854,0.737,-0.157,0.000,0,0,605
38575.391,871.6,807.1,-105.5,0.0,0.847,0.741,-0.096,0.000,0,0,605
38575.449,871.6,810.5,-48.1,0.0,0.847,0.746,-0.044,0.000,0,0,605
38575.505,872.2,810.5,-5.7,0.0,0.848,0.746,-0.005,0.000,0,0,605
38575.569,872.8,813.3,6.4,0.0,0.849,0.751,0.006,0.000,0,0,605
38575.625,872.2,812.4,1.5,0.0,0.848,0.749,0.001,0.000,0,0,605
38575.680,872.5,812.2,-1.8,0.0,0.849,0.749,-0.002,0.000,0,0,605
38575.734,871.6,815.0,-4.5,0.0,0.847,0.754,-0.004,0.000,0,0,605
38575.789,872.2,809.3,-3.0,0.0,0.848,0.744,-0.003,0.000,0,0,605
38575.844,871.6,809.3,-0.6,0.0,0.847,0.744,-0.001,0.000,0,0,605
38575.897,871.6,809.3,-0.2,0.0,0.847,0.744,-0.000,0.000,0,0,605
38575.953,871.6,809.3,-0.1,0.0,0.847,0.744,-0.000,0.000,0,0,605
38576.022,871.6,809.3,-0.0,0.0,0.847,0.744,-0.000,0.000,0,0,605
